<?xml version="1.0" encoding="UTF-8"?>
<project-private xmlns="http://www.netbeans.org/ns/project-private/1">
    <editor-bookmarks xmlns="http://www.netbeans.org/ns/editor-bookmarks/2" lastBookmarkId="0"/>
    <open-files xmlns="http://www.netbeans.org/ns/projectui-open-files/2">
        <group>
            <file>file:/C:/Users/chuss/Documents/NetBeansProjects/Proyecto_3/src/NodoArbol.java</file>
            <file>file:/C:/Users/chuss/Documents/NetBeansProjects/Proyecto_3/src/LienzoArbol.java</file>
            <file>file:/C:/Users/chuss/Documents/NetBeansProjects/Proyecto_3/src/Tarjeta.java</file>
            <file>file:/C:/Users/chuss/Documents/NetBeansProjects/Proyecto_3/src/ArbolBinario.java</file>
            <file>file:/C:/Users/chuss/Documents/NetBeansProjects/Proyecto_3/src/VentanaArbol.java</file>
            <file>file:/C:/Users/chuss/Documents/NetBeansProjects/Proyecto_3/src/ArbolTarjetas.java</file>
            <file>file:/C:/Users/chuss/Documents/NetBeansProjects/Proyecto_3/src/VentanaEliminarTarjeta.java</file>
            <file>file:/C:/Users/chuss/Documents/NetBeansProjects/Proyecto_3/src/VentanaGraficarArbol.java</file>
            <file>file:/C:/Users/chuss/Documents/NetBeansProjects/Proyecto_3/src/VentanaBuscarPorId.java</file>
        </group>
    </open-files>
</project-private>
